condition,seed,checkpoint_episode,role,internal_episode_count,gamma,top_level_keys,model_state_keys,target_state_keys,architecture_signature,target_architecture_signature,parameter_tensor_elements,support_shape,scaler_mean_shape,scaler_scale_shape,optimizer_state_entries,optimizer_param_groups,max_model_target_abs_diff,loads_ok
0sen,35,100,attacker,100,0.95,model_state_dict|target_model_state_dict|optimizer_state_dict|gamma|episode_count|scaler_mean|scaler_scale,31,31,68e13e2de3dbf25d4c694b9687664b641b3de69ac415911c25f2ed8aa35cb969,68e13e2de3dbf25d4c694b9687664b641b3de69ac415911c25f2ed8aa35cb969,2596458,"(51,)","(567,)","(567,)",22,1,4.688616752624512,True
0sen,35,100,attacker_scout,100,0.95,model_state_dict|target_model_state_dict|optimizer_state_dict|gamma|episode_count|scaler_mean|scaler_scale,31,31,e01efece43ce32284707e12e5a4cbf956efa375ec86b97f025de36659937003f,e01efece43ce32284707e12e5a4cbf956efa375ec86b97f025de36659937003f,2596714,"(51,)","(569,)","(569,)",22,1,4.251652717590332,True
0sen,35,500,attacker,500,0.95,model_state_dict|target_model_state_dict|optimizer_state_dict|gamma|episode_count|scaler_mean|scaler_scale,31,31,68e13e2de3dbf25d4c694b9687664b641b3de69ac415911c25f2ed8aa35cb969,68e13e2de3dbf25d4c694b9687664b641b3de69ac415911c25f2ed8aa35cb969,2596458,"(51,)","(567,)","(567,)",22,1,4.622104644775391,True
0sen,35,500,attacker_scout,500,0.95,model_state_dict|target_model_state_dict|optimizer_state_dict|gamma|episode_count|scaler_mean|scaler_scale,31,31,e01efece43ce32284707e12e5a4cbf956efa375ec86b97f025de36659937003f,e01efece43ce32284707e12e5a4cbf956efa375ec86b97f025de36659937003f,2596714,"(51,)","(569,)","(569,)",22,1,4.870996952056885,True
0sen,35,1000,attacker,1000,0.95,model_state_dict|target_model_state_dict|optimizer_state_dict|gamma|episode_count|scaler_mean|scaler_scale,31,31,68e13e2de3dbf25d4c694b9687664b641b3de69ac415911c25f2ed8aa35cb969,68e13e2de3dbf25d4c694b9687664b641b3de69ac415911c25f2ed8aa35cb969,2596458,"(51,)","(567,)","(567,)",22,1,4.683836460113525,True
0sen,35,1000,attacker_scout,1000,0.95,model_state_dict|target_model_state_dict|optimizer_state_dict|gamma|episode_count|scaler_mean|scaler_scale,31,31,e01efece43ce32284707e12e5a4cbf956efa375ec86b97f025de36659937003f,e01efece43ce32284707e12e5a4cbf956efa375ec86b97f025de36659937003f,2596714,"(51,)","(569,)","(569,)",22,1,4.763142108917236,True
0sen,35,2000,attacker,2000,0.95,model_state_dict|target_model_state_dict|optimizer_state_dict|gamma|episode_count|scaler_mean|scaler_scale,31,31,68e13e2de3dbf25d4c694b9687664b641b3de69ac415911c25f2ed8aa35cb969,68e13e2de3dbf25d4c694b9687664b641b3de69ac415911c25f2ed8aa35cb969,2596458,"(51,)","(567,)","(567,)",22,1,4.210113048553467,True
0sen,35,2000,attacker_scout,2000,0.95,model_state_dict|target_model_state_dict|optimizer_state_dict|gamma|episode_count|scaler_mean|scaler_scale,31,31,e01efece43ce32284707e12e5a4cbf956efa375ec86b97f025de36659937003f,e01efece43ce32284707e12e5a4cbf956efa375ec86b97f025de36659937003f,2596714,"(51,)","(569,)","(569,)",22,1,4.264312744140625,True
0sen,35,5000,attacker,5000,0.95,model_state_dict|target_model_state_dict|optimizer_state_dict|gamma|episode_count|scaler_mean|scaler_scale,31,31,68e13e2de3dbf25d4c694b9687664b641b3de69ac415911c25f2ed8aa35cb969,68e13e2de3dbf25d4c694b9687664b641b3de69ac415911c25f2ed8aa35cb969,2596458,"(51,)","(567,)","(567,)",22,1,4.65023136138916,True
0sen,35,5000,attacker_scout,5000,0.95,model_state_dict|target_model_state_dict|optimizer_state_dict|gamma|episode_count|scaler_mean|scaler_scale,31,31,e01efece43ce32284707e12e5a4cbf956efa375ec86b97f025de36659937003f,e01efece43ce32284707e12e5a4cbf956efa375ec86b97f025de36659937003f,2596714,"(51,)","(569,)","(569,)",22,1,4.5494890213012695,True
0sen,36,100,attacker,100,0.95,model_state_dict|target_model_state_dict|optimizer_state_dict|gamma|episode_count|scaler_mean|scaler_scale,31,31,68e13e2de3dbf25d4c694b9687664b641b3de69ac415911c25f2ed8aa35cb969,68e13e2de3dbf25d4c694b9687664b641b3de69ac415911c25f2ed8aa35cb969,2596458,"(51,)","(567,)","(567,)",22,1,5.116300106048584,True
0sen,36,100,attacker_scout,100,0.95,model_state_dict|target_model_state_dict|optimizer_state_dict|gamma|episode_count|scaler_mean|scaler_scale,31,31,e01efece43ce32284707e12e5a4cbf956efa375ec86b97f025de36659937003f,e01efece43ce32284707e12e5a4cbf956efa375ec86b97f025de36659937003f,2596714,"(51,)","(569,)","(569,)",22,1,4.721487045288086,True
0sen,36,500,attacker,500,0.95,model_state_dict|target_model_state_dict|optimizer_state_dict|gamma|episode_count|scaler_mean|scaler_scale,31,31,68e13e2de3dbf25d4c694b9687664b641b3de69ac415911c25f2ed8aa35cb969,68e13e2de3dbf25d4c694b9687664b641b3de69ac415911c25f2ed8aa35cb969,2596458,"(51,)","(567,)","(567,)",22,1,5.09067440032959,True
0sen,36,500,attacker_scout,500,0.95,model_state_dict|target_model_state_dict|optimizer_state_dict|gamma|episode_count|scaler_mean|scaler_scale,31,31,e01efece43ce32284707e12e5a4cbf956efa375ec86b97f025de36659937003f,e01efece43ce32284707e12e5a4cbf956efa375ec86b97f025de36659937003f,2596714,"(51,)","(569,)","(569,)",22,1,4.5623779296875,True
0sen,36,1000,attacker,1000,0.95,model_state_dict|target_model_state_dict|optimizer_state_dict|gamma|episode_count|scaler_mean|scaler_scale,31,31,68e13e2de3dbf25d4c694b9687664b641b3de69ac415911c25f2ed8aa35cb969,68e13e2de3dbf25d4c694b9687664b641b3de69ac415911c25f2ed8aa35cb969,2596458,"(51,)","(567,)","(567,)",22,1,5.256244659423828,True
0sen,36,1000,attacker_scout,1000,0.95,model_state_dict|target_model_state_dict|optimizer_state_dict|gamma|episode_count|scaler_mean|scaler_scale,31,31,e01efece43ce32284707e12e5a4cbf956efa375ec86b97f025de36659937003f,e01efece43ce32284707e12e5a4cbf956efa375ec86b97f025de36659937003f,2596714,"(51,)","(569,)","(569,)",22,1,4.728011608123779,True
0sen,36,2000,attacker,2000,0.95,model_state_dict|target_model_state_dict|optimizer_state_dict|gamma|episode_count|scaler_mean|scaler_scale,31,31,68e13e2de3dbf25d4c694b9687664b641b3de69ac415911c25f2ed8aa35cb969,68e13e2de3dbf25d4c694b9687664b641b3de69ac415911c25f2ed8aa35cb969,2596458,"(51,)","(567,)","(567,)",22,1,5.514455795288086,True
0sen,36,2000,attacker_scout,2000,0.95,model_state_dict|target_model_state_dict|optimizer_state_dict|gamma|episode_count|scaler_mean|scaler_scale,31,31,e01efece43ce32284707e12e5a4cbf956efa375ec86b97f025de36659937003f,e01efece43ce32284707e12e5a4cbf956efa375ec86b97f025de36659937003f,2596714,"(51,)","(569,)","(569,)",22,1,4.911136627197266,True
0sen,36,5000,attacker,5000,0.95,model_state_dict|target_model_state_dict|optimizer_state_dict|gamma|episode_count|scaler_mean|scaler_scale,31,31,68e13e2de3dbf25d4c694b9687664b641b3de69ac415911c25f2ed8aa35cb969,68e13e2de3dbf25d4c694b9687664b641b3de69ac415911c25f2ed8aa35cb969,2596458,"(51,)","(567,)","(567,)",22,1,4.545470237731934,True
0sen,36,5000,attacker_scout,5000,0.95,model_state_dict|target_model_state_dict|optimizer_state_dict|gamma|episode_count|scaler_mean|scaler_scale,31,31,e01efece43ce32284707e12e5a4cbf956efa375ec86b97f025de36659937003f,e01efece43ce32284707e12e5a4cbf956efa375ec86b97f025de36659937003f,2596714,"(51,)","(569,)","(569,)",22,1,4.943804740905762,True
0sen,37,100,attacker,100,0.95,model_state_dict|target_model_state_dict|optimizer_state_dict|gamma|episode_count|scaler_mean|scaler_scale,31,31,68e13e2de3dbf25d4c694b9687664b641b3de69ac415911c25f2ed8aa35cb969,68e13e2de3dbf25d4c694b9687664b641b3de69ac415911c25f2ed8aa35cb969,2596458,"(51,)","(567,)","(567,)",22,1,4.773324012756348,True
0sen,37,100,attacker_scout,100,0.95,model_state_dict|target_model_state_dict|optimizer_state_dict|gamma|episode_count|scaler_mean|scaler_scale,31,31,e01efece43ce32284707e12e5a4cbf956efa375ec86b97f025de36659937003f,e01efece43ce32284707e12e5a4cbf956efa375ec86b97f025de36659937003f,2596714,"(51,)","(569,)","(569,)",22,1,4.984649181365967,True
0sen,37,500,attacker,500,0.95,model_state_dict|target_model_state_dict|optimizer_state_dict|gamma|episode_count|scaler_mean|scaler_scale,31,31,68e13e2de3dbf25d4c694b9687664b641b3de69ac415911c25f2ed8aa35cb969,68e13e2de3dbf25d4c694b9687664b641b3de69ac415911c25f2ed8aa35cb969,2596458,"(51,)","(567,)","(567,)",22,1,4.811189651489258,True
0sen,37,500,attacker_scout,500,0.95,model_state_dict|target_model_state_dict|optimizer_state_dict|gamma|episode_count|scaler_mean|scaler_scale,31,31,e01efece43ce32284707e12e5a4cbf956efa375ec86b97f025de36659937003f,e01efece43ce32284707e12e5a4cbf956efa375ec86b97f025de36659937003f,2596714,"(51,)","(569,)","(569,)",22,1,5.054292678833008,True
0sen,37,1000,attacker,1000,0.95,model_state_dict|target_model_state_dict|optimizer_state_dict|gamma|episode_count|scaler_mean|scaler_scale,31,31,68e13e2de3dbf25d4c694b9687664b641b3de69ac415911c25f2ed8aa35cb969,68e13e2de3dbf25d4c694b9687664b641b3de69ac415911c25f2ed8aa35cb969,2596458,"(51,)","(567,)","(567,)",22,1,4.409947395324707,True
0sen,37,1000,attacker_scout,1000,0.95,model_state_dict|target_model_state_dict|optimizer_state_dict|gamma|episode_count|scaler_mean|scaler_scale,31,31,e01efece43ce32284707e12e5a4cbf956efa375ec86b97f025de36659937003f,e01efece43ce32284707e12e5a4cbf956efa375ec86b97f025de36659937003f,2596714,"(51,)","(569,)","(569,)",22,1,4.781871318817139,True
0sen,37,2000,attacker,2000,0.95,model_state_dict|target_model_state_dict|optimizer_state_dict|gamma|episode_count|scaler_mean|scaler_scale,31,31,68e13e2de3dbf25d4c694b9687664b641b3de69ac415911c25f2ed8aa35cb969,68e13e2de3dbf25d4c694b9687664b641b3de69ac415911c25f2ed8aa35cb969,2596458,"(51,)","(567,)","(567,)",22,1,4.8773908615112305,True
0sen,37,2000,attacker_scout,2000,0.95,model_state_dict|target_model_state_dict|optimizer_state_dict|gamma|episode_count|scaler_mean|scaler_scale,31,31,e01efece43ce32284707e12e5a4cbf956efa375ec86b97f025de36659937003f,e01efece43ce32284707e12e5a4cbf956efa375ec86b97f025de36659937003f,2596714,"(51,)","(569,)","(569,)",22,1,5.3717241287231445,True
0sen,37,5000,attacker,5000,0.95,model_state_dict|target_model_state_dict|optimizer_state_dict|gamma|episode_count|scaler_mean|scaler_scale,31,31,68e13e2de3dbf25d4c694b9687664b641b3de69ac415911c25f2ed8aa35cb969,68e13e2de3dbf25d4c694b9687664b641b3de69ac415911c25f2ed8aa35cb969,2596458,"(51,)","(567,)","(567,)",22,1,4.428192138671875,True
0sen,37,5000,attacker_scout,5000,0.95,model_state_dict|target_model_state_dict|optimizer_state_dict|gamma|episode_count|scaler_mean|scaler_scale,31,31,e01efece43ce32284707e12e5a4cbf956efa375ec86b97f025de36659937003f,e01efece43ce32284707e12e5a4cbf956efa375ec86b97f025de36659937003f,2596714,"(51,)","(569,)","(569,)",22,1,4.887312889099121,True
1sen,35,100,attacker,100,0.95,model_state_dict|target_model_state_dict|optimizer_state_dict|gamma|episode_count|scaler_mean|scaler_scale,31,31,68e13e2de3dbf25d4c694b9687664b641b3de69ac415911c25f2ed8aa35cb969,68e13e2de3dbf25d4c694b9687664b641b3de69ac415911c25f2ed8aa35cb969,2596458,"(51,)","(567,)","(567,)",22,1,4.635473251342773,True
1sen,35,100,attacker_scout,100,0.95,model_state_dict|target_model_state_dict|optimizer_state_dict|gamma|episode_count|scaler_mean|scaler_scale,31,31,e01efece43ce32284707e12e5a4cbf956efa375ec86b97f025de36659937003f,e01efece43ce32284707e12e5a4cbf956efa375ec86b97f025de36659937003f,2596714,"(51,)","(569,)","(569,)",22,1,4.916431427001953,True
1sen,35,500,attacker,500,0.95,model_state_dict|target_model_state_dict|optimizer_state_dict|gamma|episode_count|scaler_mean|scaler_scale,31,31,68e13e2de3dbf25d4c694b9687664b641b3de69ac415911c25f2ed8aa35cb969,68e13e2de3dbf25d4c694b9687664b641b3de69ac415911c25f2ed8aa35cb969,2596458,"(51,)","(567,)","(567,)",22,1,4.947711944580078,True
1sen,35,500,attacker_scout,500,0.95,model_state_dict|target_model_state_dict|optimizer_state_dict|gamma|episode_count|scaler_mean|scaler_scale,31,31,e01efece43ce32284707e12e5a4cbf956efa375ec86b97f025de36659937003f,e01efece43ce32284707e12e5a4cbf956efa375ec86b97f025de36659937003f,2596714,"(51,)","(569,)","(569,)",22,1,5.504167556762695,True
1sen,35,1000,attacker,1000,0.95,model_state_dict|target_model_state_dict|optimizer_state_dict|gamma|episode_count|scaler_mean|scaler_scale,31,31,68e13e2de3dbf25d4c694b9687664b641b3de69ac415911c25f2ed8aa35cb969,68e13e2de3dbf25d4c694b9687664b641b3de69ac415911c25f2ed8aa35cb969,2596458,"(51,)","(567,)","(567,)",22,1,4.574663162231445,True
1sen,35,1000,attacker_scout,1000,0.95,model_state_dict|target_model_state_dict|optimizer_state_dict|gamma|episode_count|scaler_mean|scaler_scale,31,31,e01efece43ce32284707e12e5a4cbf956efa375ec86b97f025de36659937003f,e01efece43ce32284707e12e5a4cbf956efa375ec86b97f025de36659937003f,2596714,"(51,)","(569,)","(569,)",22,1,4.790773868560791,True
1sen,35,2000,attacker,2000,0.95,model_state_dict|target_model_state_dict|optimizer_state_dict|gamma|episode_count|scaler_mean|scaler_scale,31,31,68e13e2de3dbf25d4c694b9687664b641b3de69ac415911c25f2ed8aa35cb969,68e13e2de3dbf25d4c694b9687664b641b3de69ac415911c25f2ed8aa35cb969,2596458,"(51,)","(567,)","(567,)",22,1,4.6961894035339355,True
1sen,35,2000,attacker_scout,2000,0.95,model_state_dict|target_model_state_dict|optimizer_state_dict|gamma|episode_count|scaler_mean|scaler_scale,31,31,e01efece43ce32284707e12e5a4cbf956efa375ec86b97f025de36659937003f,e01efece43ce32284707e12e5a4cbf956efa375ec86b97f025de36659937003f,2596714,"(51,)","(569,)","(569,)",22,1,4.642400741577148,True
1sen,35,5000,attacker,5000,0.95,model_state_dict|target_model_state_dict|optimizer_state_dict|gamma|episode_count|scaler_mean|scaler_scale,31,31,68e13e2de3dbf25d4c694b9687664b641b3de69ac415911c25f2ed8aa35cb969,68e13e2de3dbf25d4c694b9687664b641b3de69ac415911c25f2ed8aa35cb969,2596458,"(51,)","(567,)","(567,)",22,1,4.545223236083984,True
1sen,35,5000,attacker_scout,5000,0.95,model_state_dict|target_model_state_dict|optimizer_state_dict|gamma|episode_count|scaler_mean|scaler_scale,31,31,e01efece43ce32284707e12e5a4cbf956efa375ec86b97f025de36659937003f,e01efece43ce32284707e12e5a4cbf956efa375ec86b97f025de36659937003f,2596714,"(51,)","(569,)","(569,)",22,1,4.8552470207214355,True
1sen,36,100,attacker,100,0.95,model_state_dict|target_model_state_dict|optimizer_state_dict|gamma|episode_count|scaler_mean|scaler_scale,31,31,68e13e2de3dbf25d4c694b9687664b641b3de69ac415911c25f2ed8aa35cb969,68e13e2de3dbf25d4c694b9687664b641b3de69ac415911c25f2ed8aa35cb969,2596458,"(51,)","(567,)","(567,)",22,1,4.455132484436035,True
1sen,36,100,attacker_scout,100,0.95,model_state_dict|target_model_state_dict|optimizer_state_dict|gamma|episode_count|scaler_mean|scaler_scale,31,31,e01efece43ce32284707e12e5a4cbf956efa375ec86b97f025de36659937003f,e01efece43ce32284707e12e5a4cbf956efa375ec86b97f025de36659937003f,2596714,"(51,)","(569,)","(569,)",22,1,5.026660919189453,True
1sen,36,500,attacker,500,0.95,model_state_dict|target_model_state_dict|optimizer_state_dict|gamma|episode_count|scaler_mean|scaler_scale,31,31,68e13e2de3dbf25d4c694b9687664b641b3de69ac415911c25f2ed8aa35cb969,68e13e2de3dbf25d4c694b9687664b641b3de69ac415911c25f2ed8aa35cb969,2596458,"(51,)","(567,)","(567,)",22,1,5.546304702758789,True
1sen,36,500,attacker_scout,500,0.95,model_state_dict|target_model_state_dict|optimizer_state_dict|gamma|episode_count|scaler_mean|scaler_scale,31,31,e01efece43ce32284707e12e5a4cbf956efa375ec86b97f025de36659937003f,e01efece43ce32284707e12e5a4cbf956efa375ec86b97f025de36659937003f,2596714,"(51,)","(569,)","(569,)",22,1,5.138077735900879,True
1sen,36,1000,attacker,1000,0.95,model_state_dict|target_model_state_dict|optimizer_state_dict|gamma|episode_count|scaler_mean|scaler_scale,31,31,68e13e2de3dbf25d4c694b9687664b641b3de69ac415911c25f2ed8aa35cb969,68e13e2de3dbf25d4c694b9687664b641b3de69ac415911c25f2ed8aa35cb969,2596458,"(51,)","(567,)","(567,)",22,1,4.773068428039551,True
1sen,36,1000,attacker_scout,1000,0.95,model_state_dict|target_model_state_dict|optimizer_state_dict|gamma|episode_count|scaler_mean|scaler_scale,31,31,e01efece43ce32284707e12e5a4cbf956efa375ec86b97f025de36659937003f,e01efece43ce32284707e12e5a4cbf956efa375ec86b97f025de36659937003f,2596714,"(51,)","(569,)","(569,)",22,1,4.570497989654541,True
1sen,36,2000,attacker,2000,0.95,model_state_dict|target_model_state_dict|optimizer_state_dict|gamma|episode_count|scaler_mean|scaler_scale,31,31,68e13e2de3dbf25d4c694b9687664b641b3de69ac415911c25f2ed8aa35cb969,68e13e2de3dbf25d4c694b9687664b641b3de69ac415911c25f2ed8aa35cb969,2596458,"(51,)","(567,)","(567,)",22,1,4.540297985076904,True
1sen,36,2000,attacker_scout,2000,0.95,model_state_dict|target_model_state_dict|optimizer_state_dict|gamma|episode_count|scaler_mean|scaler_scale,31,31,e01efece43ce32284707e12e5a4cbf956efa375ec86b97f025de36659937003f,e01efece43ce32284707e12e5a4cbf956efa375ec86b97f025de36659937003f,2596714,"(51,)","(569,)","(569,)",22,1,5.338171005249023,True
1sen,36,5000,attacker,5000,0.95,model_state_dict|target_model_state_dict|optimizer_state_dict|gamma|episode_count|scaler_mean|scaler_scale,31,31,68e13e2de3dbf25d4c694b9687664b641b3de69ac415911c25f2ed8aa35cb969,68e13e2de3dbf25d4c694b9687664b641b3de69ac415911c25f2ed8aa35cb969,2596458,"(51,)","(567,)","(567,)",22,1,4.576277732849121,True
1sen,36,5000,attacker_scout,5000,0.95,model_state_dict|target_model_state_dict|optimizer_state_dict|gamma|episode_count|scaler_mean|scaler_scale,31,31,e01efece43ce32284707e12e5a4cbf956efa375ec86b97f025de36659937003f,e01efece43ce32284707e12e5a4cbf956efa375ec86b97f025de36659937003f,2596714,"(51,)","(569,)","(569,)",22,1,4.522202491760254,True
1sen,37,100,attacker,100,0.95,model_state_dict|target_model_state_dict|optimizer_state_dict|gamma|episode_count|scaler_mean|scaler_scale,31,31,68e13e2de3dbf25d4c694b9687664b641b3de69ac415911c25f2ed8aa35cb969,68e13e2de3dbf25d4c694b9687664b641b3de69ac415911c25f2ed8aa35cb969,2596458,"(51,)","(567,)","(567,)",22,1,4.453211784362793,True
1sen,37,100,attacker_scout,100,0.95,model_state_dict|target_model_state_dict|optimizer_state_dict|gamma|episode_count|scaler_mean|scaler_scale,31,31,e01efece43ce32284707e12e5a4cbf956efa375ec86b97f025de36659937003f,e01efece43ce32284707e12e5a4cbf956efa375ec86b97f025de36659937003f,2596714,"(51,)","(569,)","(569,)",22,1,5.390109062194824,True
1sen,37,500,attacker,500,0.95,model_state_dict|target_model_state_dict|optimizer_state_dict|gamma|episode_count|scaler_mean|scaler_scale,31,31,68e13e2de3dbf25d4c694b9687664b641b3de69ac415911c25f2ed8aa35cb969,68e13e2de3dbf25d4c694b9687664b641b3de69ac415911c25f2ed8aa35cb969,2596458,"(51,)","(567,)","(567,)",22,1,4.90207052230835,True
1sen,37,500,attacker_scout,500,0.95,model_state_dict|target_model_state_dict|optimizer_state_dict|gamma|episode_count|scaler_mean|scaler_scale,31,31,e01efece43ce32284707e12e5a4cbf956efa375ec86b97f025de36659937003f,e01efece43ce32284707e12e5a4cbf956efa375ec86b97f025de36659937003f,2596714,"(51,)","(569,)","(569,)",22,1,4.623269557952881,True
1sen,37,1000,attacker,1000,0.95,model_state_dict|target_model_state_dict|optimizer_state_dict|gamma|episode_count|scaler_mean|scaler_scale,31,31,68e13e2de3dbf25d4c694b9687664b641b3de69ac415911c25f2ed8aa35cb969,68e13e2de3dbf25d4c694b9687664b641b3de69ac415911c25f2ed8aa35cb969,2596458,"(51,)","(567,)","(567,)",22,1,4.867926597595215,True
1sen,37,1000,attacker_scout,1000,0.95,model_state_dict|target_model_state_dict|optimizer_state_dict|gamma|episode_count|scaler_mean|scaler_scale,31,31,e01efece43ce32284707e12e5a4cbf956efa375ec86b97f025de36659937003f,e01efece43ce32284707e12e5a4cbf956efa375ec86b97f025de36659937003f,2596714,"(51,)","(569,)","(569,)",22,1,4.8225507736206055,True
1sen,37,2000,attacker,2000,0.95,model_state_dict|target_model_state_dict|optimizer_state_dict|gamma|episode_count|scaler_mean|scaler_scale,31,31,68e13e2de3dbf25d4c694b9687664b641b3de69ac415911c25f2ed8aa35cb969,68e13e2de3dbf25d4c694b9687664b641b3de69ac415911c25f2ed8aa35cb969,2596458,"(51,)","(567,)","(567,)",22,1,4.9175825119018555,True
1sen,37,2000,attacker_scout,2000,0.95,model_state_dict|target_model_state_dict|optimizer_state_dict|gamma|episode_count|scaler_mean|scaler_scale,31,31,e01efece43ce32284707e12e5a4cbf956efa375ec86b97f025de36659937003f,e01efece43ce32284707e12e5a4cbf956efa375ec86b97f025de36659937003f,2596714,"(51,)","(569,)","(569,)",22,1,4.740855693817139,True
1sen,37,5000,attacker,5000,0.95,model_state_dict|target_model_state_dict|optimizer_state_dict|gamma|episode_count|scaler_mean|scaler_scale,31,31,68e13e2de3dbf25d4c694b9687664b641b3de69ac415911c25f2ed8aa35cb969,68e13e2de3dbf25d4c694b9687664b641b3de69ac415911c25f2ed8aa35cb969,2596458,"(51,)","(567,)","(567,)",22,1,4.575896739959717,True
1sen,37,5000,attacker_scout,5000,0.95,model_state_dict|target_model_state_dict|optimizer_state_dict|gamma|episode_count|scaler_mean|scaler_scale,31,31,e01efece43ce32284707e12e5a4cbf956efa375ec86b97f025de36659937003f,e01efece43ce32284707e12e5a4cbf956efa375ec86b97f025de36659937003f,2596714,"(51,)","(569,)","(569,)",22,1,4.630327224731445,True
1sen_shared,35,5000,frozen_senior_attacker,5000,0.95,model_state_dict|target_model_state_dict|optimizer_state_dict|gamma|episode_count|scaler_mean|scaler_scale,31,31,68e13e2de3dbf25d4c694b9687664b641b3de69ac415911c25f2ed8aa35cb969,68e13e2de3dbf25d4c694b9687664b641b3de69ac415911c25f2ed8aa35cb969,2596458,"(51,)","(567,)","(567,)",22,1,4.770806312561035,True
